-- =====================================================================
-- V7: Test users (students + teachers) + their content
-- (reviews, collections, subject collections, events, comments, likes, orders).
--
-- All test users share password 'admin123' (same bcrypt hash as admin).
-- Faculty/specialty values are the real names introduced in V4.
-- =====================================================================

-- ---------------------------------------------------------------------
-- Students
-- ---------------------------------------------------------------------
INSERT INTO users (id, login, email, password_hash, first_name, last_name, patronymic,
                   faculty, specialty, course, phone_number, role, user_type) VALUES
('11111111-1111-1111-1111-111111111101', 'ivanov',  'ivanov@bsuir.by',
 '$2a$10$f8O0f5OywnGAWk6s4DmUj.iq1Zqx9uWlFTi9vECfmcL0QcvRTcPwa',
 'Иван',    'Иванов',   'Сергеевич',
 'ФКСиС', 'Программная инженерия (программное обеспечение ИТ)',
 '3 курс', '+375(29)111-11-11', 'USER', 'STUDENT'),
('11111111-1111-1111-1111-111111111102', 'petrova', 'petrova@bsuir.by',
 '$2a$10$f8O0f5OywnGAWk6s4DmUj.iq1Zqx9uWlFTi9vECfmcL0QcvRTcPwa',
 'Анна',    'Петрова',  'Викторовна',
 'ФИТУ', 'Искусственный интеллект',
 '2 курс', '+375(29)222-22-22', 'USER', 'STUDENT'),
('11111111-1111-1111-1111-111111111103', 'sidorov', 'sidorov@bsuir.by',
 '$2a$10$f8O0f5OywnGAWk6s4DmUj.iq1Zqx9uWlFTi9vECfmcL0QcvRTcPwa',
 'Алексей', 'Сидоров',  'Михайлович',
 'ФИБ',   'Информационная безопасность (защита информации в телекоммуникациях)',
 '4 курс', '+375(29)333-33-33', 'USER', 'STUDENT'),
('11111111-1111-1111-1111-111111111104', 'kozlova', 'kozlova@bsuir.by',
 '$2a$10$f8O0f5OywnGAWk6s4DmUj.iq1Zqx9uWlFTi9vECfmcL0QcvRTcPwa',
 'Мария',   'Козлова',  'Александровна',
 'ИЭФ',   'Информационные системы и технологии (в экономике)',
 '1 курс', '+375(29)444-44-44', 'USER', 'STUDENT'),
('11111111-1111-1111-1111-111111111105', 'morozov', 'morozov@bsuir.by',
 '$2a$10$f8O0f5OywnGAWk6s4DmUj.iq1Zqx9uWlFTi9vECfmcL0QcvRTcPwa',
 'Дмитрий', 'Морозов',  'Олегович',
 'ФКСиС', 'Компьютерная инженерия (вычислительные машины, системы и сети)',
 '3 курс', '+375(29)555-55-55', 'USER', 'STUDENT'),
('11111111-1111-1111-1111-111111111106', 'kuznetsov', 'kuznetsov@bsuir.by',
 '$2a$10$f8O0f5OywnGAWk6s4DmUj.iq1Zqx9uWlFTi9vECfmcL0QcvRTcPwa',
 'Артём', 'Кузнецов', 'Алексеевич',
 'ВФ', 'Информационная безопасность (обеспечение безопасности ИТ)',
 '2 курс', '+375(29)666-66-66', 'USER', 'STUDENT'),
('11111111-1111-1111-1111-111111111107', 'volkova', 'volkova@bsuir.by',
 '$2a$10$f8O0f5OywnGAWk6s4DmUj.iq1Zqx9uWlFTi9vECfmcL0QcvRTcPwa',
 'Юлия', 'Волкова', 'Дмитриевна',
 'ФКП', 'Программная инженерия (инженерно-психологическое обеспечение ИТ)',
 '3 курс', '+375(29)777-77-77', 'USER', 'STUDENT');

-- ---------------------------------------------------------------------
-- Teachers (across multiple faculties)
-- ---------------------------------------------------------------------
INSERT INTO users (id, login, email, password_hash, first_name, last_name, patronymic,
                   faculty, role, user_type, department, position) VALUES
('11111111-1111-1111-1111-111111111201', 'smirnov', 'smirnov@bsuir.by',
 '$2a$10$f8O0f5OywnGAWk6s4DmUj.iq1Zqx9uWlFTi9vECfmcL0QcvRTcPwa',
 'Олег', 'Смирнов', 'Николаевич',
 'ФКСиС', 'USER', 'TEACHER',
 'Кафедра программного обеспечения информационных технологий', 'Доцент'),
('11111111-1111-1111-1111-111111111202', 'lebedev', 'lebedev@bsuir.by',
 '$2a$10$f8O0f5OywnGAWk6s4DmUj.iq1Zqx9uWlFTi9vECfmcL0QcvRTcPwa',
 'Сергей', 'Лебедев', 'Игоревич',
 'ФИТУ', 'USER', 'TEACHER',
 'Кафедра интеллектуальных информационных технологий', 'Профессор'),
('11111111-1111-1111-1111-111111111203', 'nikitina', 'nikitina@bsuir.by',
 '$2a$10$f8O0f5OywnGAWk6s4DmUj.iq1Zqx9uWlFTi9vECfmcL0QcvRTcPwa',
 'Елена', 'Никитина', 'Андреевна',
 'ФИБ', 'USER', 'TEACHER',
 'Кафедра защиты информации', 'Старший преподаватель'),
('11111111-1111-1111-1111-111111111204', 'novikov', 'novikov@bsuir.by',
 '$2a$10$f8O0f5OywnGAWk6s4DmUj.iq1Zqx9uWlFTi9vECfmcL0QcvRTcPwa',
 'Павел', 'Новиков', 'Викторович',
 'ИЭФ', 'USER', 'TEACHER',
 'Кафедра экономической информатики', 'Доцент'),
('11111111-1111-1111-1111-111111111205', 'orlova', 'orlova@bsuir.by',
 '$2a$10$f8O0f5OywnGAWk6s4DmUj.iq1Zqx9uWlFTi9vECfmcL0QcvRTcPwa',
 'Татьяна', 'Орлова', 'Васильевна',
 'ФРЭ', 'USER', 'TEACHER',
 'Кафедра микро- и наноэлектроники', 'Доцент'),
('11111111-1111-1111-1111-111111111206', 'morozov_t', 'morozov_t@bsuir.by',
 '$2a$10$f8O0f5OywnGAWk6s4DmUj.iq1Zqx9uWlFTi9vECfmcL0QcvRTcPwa',
 'Андрей', 'Морозов', 'Григорьевич',
 'ФКП', 'USER', 'TEACHER',
 'Кафедра инженерной психологии и эргономики', 'Старший преподаватель');

-- ---------------------------------------------------------------------
-- Reviews
-- Все литературные рецензии (Мастер/Война/Преступление) пришлось убрать —
-- их книги выпали из каталога из-за отсутствующих обложек.
-- Остаётся преподавательский отзыв на «Чистый код».
-- ---------------------------------------------------------------------
INSERT INTO reviews (id, book_id, user_id, rating, text, status, created_at)
SELECT '33333333-3333-3333-3333-333333333308',
       (SELECT id FROM books WHERE isbn = '978-5-4461-0960-1'),
       '11111111-1111-1111-1111-111111111201',
       5,
       'Эту книгу даю студентам 1-2 курса как первое обязательное чтение по культуре кода. Мартин убедительно показывает, почему понятные имена, маленькие функции и тестируемость — не вкусовщина, а инженерная необходимость. Студенты после прочтения начинают писать ощутимо чище. Минусов нет — для входа в специальность это золотой стандарт.',
       'APPROVED', NOW() - INTERVAL '30 days';

-- ---------------------------------------------------------------------
-- Comments on reviews
-- ---------------------------------------------------------------------
INSERT INTO comments (id, user_id, review_id, text, created_at) VALUES
('44444444-4444-4444-4444-444444444405',
 '11111111-1111-1111-1111-111111111107',
 '33333333-3333-3333-3333-333333333308',
 'Подтверждаю как студентка ФКП — после «Чистого кода» защита диплома пошла легче.',
 NOW() - INTERVAL '28 days');

-- ---------------------------------------------------------------------
-- Likes (mix of users, mix of targets)
-- ---------------------------------------------------------------------
INSERT INTO likes (user_id, target_type, target_id) VALUES
('11111111-1111-1111-1111-111111111101', 'REVIEW', '33333333-3333-3333-3333-333333333308'),
('11111111-1111-1111-1111-111111111107', 'REVIEW', '33333333-3333-3333-3333-333333333308');

-- ---------------------------------------------------------------------
-- User collections
-- ---------------------------------------------------------------------
INSERT INTO collections (id, user_id, title, genre, description, status, moderator_comment, created_at) VALUES
('55555555-5555-5555-5555-555555555501',
 '11111111-1111-1111-1111-111111111101',
 'Русская классика на все времена', 'Классика',
 'Подборка великих русских романов, без которых невозможно представить мировую литературу.',
 'APPROVED', NULL,
 NOW() - INTERVAL '12 days'),
('55555555-5555-5555-5555-555555555502',
 '11111111-1111-1111-1111-111111111102',
 'Книги, которые заставляют задуматься', 'Философия',
 'Произведения, после которых хочется отложить телефон и подумать о жизни.',
 'APPROVED', NULL,
 NOW() - INTERVAL '9 days'),
('55555555-5555-5555-5555-555555555503',
 '11111111-1111-1111-1111-111111111103',
 'Антиутопии XX века', 'Антиутопия',
 'Лучшие предостережения литературы XX века о тоталитаризме и потере свободы.',
 'PENDING', NULL,
 NOW() - INTERVAL '2 days'),
('55555555-5555-5555-5555-555555555504',
 '11111111-1111-1111-1111-111111111104',
 'Мой летний список чтения', 'Разное',
 'Книги, которые я планирую прочитать этим летом.',
 'DRAFT', NULL,
 NOW() - INTERVAL '1 day'),
('55555555-5555-5555-5555-555555555505',
 '11111111-1111-1111-1111-111111111105',
 'Случайная подборка', NULL,
 'Просто несколько книг, которые я люблю.',
 'REJECTED',
 'Отсутствует общая идея — пожалуйста, опишите, что объединяет эти книги, и переотправьте.',
 NOW() - INTERVAL '4 days');

-- Все пять пользовательских подборок (501–505) опустели, после того как из
-- каталога ушли литературные книги без обложек на Open Library. Сами записи
-- collections сохраняются как метаданные пользовательских черновиков.

-- ---------------------------------------------------------------------
-- Subject collections (teacher + student curated)
-- specialty/specialty_name strings match V4 specialty names.
-- ---------------------------------------------------------------------
INSERT INTO subject_collections (id, user_id, subject, specialty, specialty_name,
                                 title, description, author_role, status, created_at) VALUES
('66666666-6666-6666-6666-666666666601',
 '11111111-1111-1111-1111-111111111201',
 'Введение в разработку программного обеспечения',
 'Программная инженерия (программное обеспечение ИТ)',
 'Программная инженерия (программное обеспечение ИТ)',
 'Базовая литература для будущих разработчиков',
 'Подборка для студентов 1–2 курсов: книги, формирующие культуру кода и инженерное мышление.',
 'TEACHER', 'APPROVED', NOW() - INTERVAL '14 days'),
('66666666-6666-6666-6666-666666666602',
 '11111111-1111-1111-1111-111111111201',
 'Базы данных',
 'Программная инженерия (программное обеспечение ИТ)',
 'Программная инженерия (программное обеспечение ИТ)',
 'Введение в SQL и PostgreSQL',
 'Минимально необходимая подборка для уверенного понимания реляционных СУБД и языка SQL.',
 'TEACHER', 'APPROVED', NOW() - INTERVAL '13 days'),
('66666666-6666-6666-6666-666666666603',
 '11111111-1111-1111-1111-111111111101',
 'Основы алгоритмизации и программирования',
 'Программная инженерия (программное обеспечение ИТ)',
 'Программная инженерия (программное обеспечение ИТ)',
 'Алгоритмы для подготовки к собеседованиям',
 'Книги, по которым студенты обычно готовятся к секциям по алгоритмам на собеседованиях.',
 'STUDENT', 'PENDING', NOW() - INTERVAL '2 days'),
('66666666-6666-6666-6666-666666666604',
 '11111111-1111-1111-1111-111111111202',
 'Машинное обучение',
 'Искусственный интеллект',
 'Искусственный интеллект',
 'Стартовая подборка по ML',
 'Литература, с которой стоит начинать знакомство с машинным обучением — теория плюс практика.',
 'TEACHER', 'APPROVED', NOW() - INTERVAL '8 days'),
('66666666-6666-6666-6666-666666666605',
 '11111111-1111-1111-1111-111111111203',
 'Криптография и криптоанализ',
 'Информационная безопасность (защита информации в телекоммуникациях)',
 'Информационная безопасность (защита информации в телекоммуникациях)',
 'Криптография — must read',
 'Подборка по криптографии: классика плюс прикладные книги, чтобы понять реальную безопасность.',
 'TEACHER', 'APPROVED', NOW() - INTERVAL '6 days'),
('66666666-6666-6666-6666-666666666606',
 '11111111-1111-1111-1111-111111111204',
 'Микро- и макроэкономика',
 'Информационные системы и технологии (в экономике)',
 'Информационные системы и технологии (в экономике)',
 'Бизнес-чтение для ИТ-экономистов',
 'Подборка книг, которые помогут ИТ-специалистам ИЭФ понять прикладную экономику и финансовое мышление.',
 'TEACHER', 'APPROVED', NOW() - INTERVAL '7 days');

INSERT INTO subject_collection_books (subject_collection_id, book_id, position)
SELECT '66666666-6666-6666-6666-666666666601', b.id, t.pos
FROM (VALUES ('978-5-7502-0064-1', 0), ('978-5-4461-0960-1', 1), ('978-0-13-449416-6', 2)) AS t(isbn, pos)
JOIN books b ON b.isbn = t.isbn;

INSERT INTO subject_collection_books (subject_collection_id, book_id, position)
SELECT '66666666-6666-6666-6666-666666666602', b.id, t.pos
FROM (VALUES ('978-5-9706-0694-0', 0), ('978-5-93286-204-0', 1), ('978-1-4493-7332-0', 2)) AS t(isbn, pos)
JOIN books b ON b.isbn = t.isbn;

INSERT INTO subject_collection_books (subject_collection_id, book_id, position)
SELECT '66666666-6666-6666-6666-666666666603', b.id, t.pos
FROM (VALUES ('978-5-8459-1794-2', 0), ('978-5-496-02541-6', 1)) AS t(isbn, pos)
JOIN books b ON b.isbn = t.isbn;

INSERT INTO subject_collection_books (subject_collection_id, book_id, position)
SELECT '66666666-6666-6666-6666-666666666604', b.id, t.pos
FROM (VALUES ('978-5-97060-618-6', 0), ('978-1-4920-3264-9', 1), ('978-1-61729-443-3', 2), ('978-1-4614-7137-0', 3)) AS t(isbn, pos)
JOIN books b ON b.isbn = t.isbn;

INSERT INTO subject_collection_books (subject_collection_id, book_id, position)
SELECT '66666666-6666-6666-6666-666666666605', b.id, t.pos
FROM (VALUES ('978-5-89392-055-0', 0), ('978-1-59327-826-7', 1), ('978-5-97060-689-6', 2)) AS t(isbn, pos)
JOIN books b ON b.isbn = t.isbn;

INSERT INTO subject_collection_books (subject_collection_id, book_id, position)
SELECT '66666666-6666-6666-6666-666666666606', b.id, t.pos
FROM (VALUES ('978-0-374-53355-7', 0), ('978-1-4000-6351-2', 1)) AS t(isbn, pos)
JOIN books b ON b.isbn = t.isbn;

-- ---------------------------------------------------------------------
-- Events (book club + lectures)
-- ---------------------------------------------------------------------
INSERT INTO events (id, title, description, date, time, location, max_participants, organizer, created_by) VALUES
('77777777-7777-7777-7777-777777777701',
 'Обсуждение «1984»',
 'Открытое обсуждение романа Оруэлла «1984» — приглашаем всех, кто прочитал книгу. Поговорим о новоязе, двоемыслии и о том, почему антиутопия всё актуальнее.',
 CURRENT_DATE + INTERVAL '7 days', '18:00',
 'БГУИР, корпус 1, ауд. 320', 25, 'Книжный клуб БГУИР',
 '00000000-0000-0000-0000-000000000001'),
('77777777-7777-7777-7777-777777777702',
 'Лекция: «Чистый код на практике»',
 'Открытая лекция доцента Смирнова О.Н. для студентов всех специальностей о принципах чистого кода и их применении в реальных проектах.',
 CURRENT_DATE + INTERVAL '14 days', '17:30',
 'БГУИР, корпус 4, ауд. 401', 60, 'Кафедра ПОИТ',
 '11111111-1111-1111-1111-111111111201'),
('77777777-7777-7777-7777-777777777703',
 'Литературный вечер: «Маленький принц»',
 'Уютный вечер с обсуждением книги Сент-Экзюпери. Чай, печенье и хорошая компания.',
 CURRENT_DATE + INTERVAL '21 days', '19:00',
 'Студенческий клуб', 15, 'Книжный клуб БГУИР',
 '00000000-0000-0000-0000-000000000001'),
('77777777-7777-7777-7777-777777777704',
 'Подготовка к олимпиаде по программированию',
 'Серия встреч по разбору алгоритмических задач: от базовых до олимпиадных. Приходите со своими задачами.',
 CURRENT_DATE + INTERVAL '3 days', '16:00',
 'БГУИР, корпус 1, ауд. 215', 30, 'Студенческий совет ФКСиС',
 '00000000-0000-0000-0000-000000000001'),
('77777777-7777-7777-7777-777777777705',
 'Семинар: «Введение в нейронные сети»',
 'Семинар профессора Лебедева С.И. с разбором базовых архитектур (CNN, RNN) и практикой на PyTorch. Уровень — для студентов 2–3 курса.',
 CURRENT_DATE + INTERVAL '10 days', '17:00',
 'БГУИР, корпус 5, ауд. 510', 40, 'Кафедра интеллектуальных ИТ',
 '11111111-1111-1111-1111-111111111202');

INSERT INTO event_participants (event_id, user_id) VALUES
('77777777-7777-7777-7777-777777777701', '11111111-1111-1111-1111-111111111101'),
('77777777-7777-7777-7777-777777777701', '11111111-1111-1111-1111-111111111102'),
('77777777-7777-7777-7777-777777777701', '11111111-1111-1111-1111-111111111103'),
('77777777-7777-7777-7777-777777777702', '11111111-1111-1111-1111-111111111101'),
('77777777-7777-7777-7777-777777777702', '11111111-1111-1111-1111-111111111105'),
('77777777-7777-7777-7777-777777777702', '11111111-1111-1111-1111-111111111107'),
('77777777-7777-7777-7777-777777777704', '11111111-1111-1111-1111-111111111101'),
('77777777-7777-7777-7777-777777777704', '11111111-1111-1111-1111-111111111105'),
('77777777-7777-7777-7777-777777777705', '11111111-1111-1111-1111-111111111102'),
('77777777-7777-7777-7777-777777777705', '11111111-1111-1111-1111-111111111104');

-- ---------------------------------------------------------------------
-- Orders (sample queued books)
-- ---------------------------------------------------------------------
INSERT INTO orders (user_id, book_id, status)
SELECT '11111111-1111-1111-1111-111111111107', b.id, 'ACTIVE' FROM books b WHERE b.isbn = '978-5-4461-0960-1';
